Location,Date of Accident,Time of Accident,Accident Severity,Collision Type,Cause of Accident,Number of Vehicles,Vehicle Types,Driver Age Group,Number of Fatalities,Number of Injuries,Property Damage Level
Pettah Clock Tower Area,2022-05-13,08:36,Minor Injury,Pedestrian Collision,Overspeeding,1,Motorcycle,56+,0,1,Low
Galle Road Fort,2024-01-11,19:40,Minor Injury,Side-impact Collision,Driver Negligence,1,Bus,56+,0,2,Low
Pettah Market Area,2025-07-10,10:16,Minor Injury,Single Vehicle Crash,Reckless Driving,1,Motorcycle,56+,0,2,High
Ibbanwala Junction,2023-01-17,14:14,Minor Injury,Rear-end Collision,Overspeeding,1,Bus,36-45,0,3,Low
Ibbanwala Junction,2025-10-15,10:02,Minor Injury,Rear-end Collision,Driver Fatigue,1,Three Wheeler,26-35,0,1,High
Liberty Plaza Area,2023-11-05,12:14,Minor Injury,Motorcycle Collision,Poor Visibility,2,Motorcycle; Car,46-55,0,1,Moderate
Hulftsdorp Junction,2023-07-04,15:38,Minor Injury,Rear-end Collision,Driver Negligence,1,Motorcycle,18-25,0,2,Low
Kotahena Junction,2024-09-11,18:37,Minor Injury,Motorcycle Collision,Unsafe Lane Change,2,Motorcycle; Lorry,46-55,0,3,Low
Darley Road Cinnamon Gardens,2022-06-23,10:47,Minor Injury,Pedestrian Collision,Driver Negligence,1,Motorcycle,46-55,0,2,Low
Bambalapitiya Railway Station Area,2024-08-19,02:26,Minor Injury,Multi-vehicle Collision,Distracted Driving,3,Motorcycle; Car; Bicycle,26-35,0,2,High
Union Place Slave Island,2023-08-28,14:35,Minor Injury,Rear-end Collision,Overspeeding,2,Car; Motorcycle,26-35,0,2,Low
Bauddhaloka Mawatha Cinnamon Gardens,2022-12-11,10:37,Serious Injury,Single Vehicle Crash,Reckless Driving,1,Car,46-55,0,6,High
Ibbanwala Junction,2023-07-16,08:39,Minor Injury,Side-impact Collision,Driver Negligence,4,Car; Bicycle; Motorcycle; Three Wheeler,36-45,0,2,Moderate
Maradana Railway Station Area,2022-12-12,16:19,Serious Injury,Motorcycle Collision,Unsafe Lane Change,2,Motorcycle; Car,18-25,0,4,Moderate
Messenger Street Pettah,2024-08-21,23:52,Minor Injury,Head-on Collision,Driver Negligence,1,Van,18-25,0,4,Low
Panchikawatte,2025-01-29,18:01,Serious Injury,Rear-end Collision,Driver Negligence,4,Three Wheeler; Motorcycle; Van; Bicycle,36-45,0,3,High
Modara Junction,2023-02-08,05:10,Minor Injury,Pedestrian Collision,Mechanical Failure,1,Motorcycle,18-25,0,1,Low
Armour Street Junction,2024-06-18,17:44,Minor Injury,Motorcycle Collision,Unsafe Lane Change,2,Motorcycle; Three Wheeler,56+,0,3,Low
Thimbirigasyaya Junction,2023-02-17,18:37,Minor Injury,Multi-vehicle Collision,Unsafe Lane Change,3,Motorcycle; Car; Bus,56+,0,1,Low
Pettah Clock Tower Area,2025-11-22,09:33,Minor Injury,Motorcycle Collision,Driver Negligence,2,Motorcycle; Car,36-45,0,1,Moderate
Kotahena Junction,2024-05-31,15:14,Fatal,Multi-vehicle Collision,Driver Fatigue,4,Bus; Three Wheeler; Car; Motorcycle,18-25,2,4,High
Havelock Place Area,2024-06-20,23:39,Minor Injury,Rear-end Collision,Distracted Driving,1,Motorcycle,26-35,0,1,High
Fort Railway Station Area,2023-05-08,06:07,Minor Injury,Side-impact Collision,Poor Visibility,3,Motorcycle; Three Wheeler; Van,18-25,0,2,Low
Galle Road Kollupitiya,2023-03-14,17:59,Minor Injury,Single Vehicle Crash,Driver Negligence,1,Three Wheeler,36-45,0,4,Low
Pamankada Junction,2022-09-13,03:52,Fatal,Pedestrian Collision,Driver Negligence,2,Motorcycle; Car,26-35,1,5,High
Dematagoda Junction,2024-07-12,13:24,Minor Injury,Motorcycle Collision,Driver Fatigue,2,Motorcycle; Three Wheeler,18-25,0,1,Moderate
Justice Akbar Mawatha Slave Island,2023-01-29,08:33,Minor Injury,Rear-end Collision,Reckless Driving,2,Motorcycle; Car,36-45,0,2,Low
Slave Island Junction,2023-06-29,17:23,Serious Injury,Multi-vehicle Collision,Overspeeding,3,Lorry; Three Wheeler; Car,26-35,0,2,High
Narahenpita Junction,2023-09-29,07:23,Serious Injury,Multi-vehicle Collision,Reckless Driving,4,Motorcycle; Three Wheeler; Bus; Bicycle,18-25,0,4,High
Bauddhaloka Mawatha Cinnamon Gardens,2025-05-06,16:22,Serious Injury,Pedestrian Collision,Overspeeding,1,Motorcycle,36-45,0,5,High
Mattakkuliya Junction,2023-06-13,21:39,Minor Injury,Side-impact Collision,Distracted Driving,1,Motorcycle,18-25,0,1,Low
Wellawatte Junction,2024-02-28,21:32,Serious Injury,Side-impact Collision,Overspeeding,4,Motorcycle; Three Wheeler; Van; Car,46-55,0,4,Moderate
Panchikawatte,2025-04-22,04:16,Minor Injury,Single Vehicle Crash,Distracted Driving,1,Three Wheeler,26-35,0,3,Low
Borella Junction,2024-03-13,16:33,Fatal,Side-impact Collision,Poor Visibility,2,Three Wheeler; Bicycle,36-45,1,5,Moderate
Slave Island Junction,2025-02-04,12:10,Minor Injury,Pedestrian Collision,Unsafe Lane Change,1,Motorcycle,56+,0,2,Low
High Level Road Kirulapone,2023-12-12,07:59,Minor Injury,Pedestrian Collision,Unsafe Lane Change,1,Motorcycle,46-55,0,2,Low
Fort Bus Stand Area,2024-07-28,08:04,Minor Injury,Multi-vehicle Collision,Overspeeding,4,Motorcycle; Car; Three Wheeler; Van,26-35,0,1,Low
Hulftsdorp Junction,2025-12-21,23:24,Minor Injury,Motorcycle Collision,Driver Fatigue,1,Motorcycle,56+,0,1,Low
Modara Junction,2022-07-19,22:38,Minor Injury,Motorcycle Collision,Driver Negligence,2,Motorcycle; Car,36-45,0,2,Low
Liberty Plaza Area,2024-11-13,16:33,Minor Injury,Pedestrian Collision,Reckless Driving,1,Van,26-35,0,2,Moderate
Modara Junction,2023-12-13,09:32,Fatal,Side-impact Collision,Distracted Driving,1,Three Wheeler,46-55,1,4,High
Kochchikade Junction,2025-11-28,16:51,Serious Injury,Multi-vehicle Collision,Overspeeding,4,Bus; Motorcycle; Car; Bicycle,56+,0,6,High
Havelock Road Havelock Town,2025-05-23,17:27,Minor Injury,Single Vehicle Crash,Driver Fatigue,1,Lorry,36-45,0,1,Low
Galle Road Fort,2025-04-21,10:01,Serious Injury,Side-impact Collision,Driver Negligence,4,Motorcycle; Van; Bus; Car,36-45,0,5,High
Borella Junction,2025-01-30,22:59,Minor Injury,Motorcycle Collision,Reckless Driving,2,Motorcycle; Car,46-55,0,1,Low
Kollupitiya Flyover Approach,2022-08-01,17:12,Minor Injury,Pedestrian Collision,Failure to Yield,2,Motorcycle; Three Wheeler,18-25,0,1,Low
Sir Chittampalam A Gardiner Mawatha Fort,2023-08-24,14:55,Minor Injury,Rear-end Collision,Failure to Yield,2,Van; Motorcycle,26-35,0,1,Low
Colombo Fort Bus Stand Area,2024-03-31,18:38,Serious Injury,Multi-vehicle Collision,Driver Negligence,4,Motorcycle; Three Wheeler; Bicycle; Car,36-45,0,4,High
Bambalapitiya Junction,2025-06-11,04:45,Minor Injury,Motorcycle Collision,Reckless Driving,2,Motorcycle; Three Wheeler,26-35,0,1,Low
Nelum Pokuna Area,2024-12-19,17:35,Serious Injury,Motorcycle Collision,Overspeeding,3,Motorcycle; Three Wheeler; Bicycle,18-25,0,3,Moderate
Union Place Borella,2025-02-26,07:50,Fatal,Rear-end Collision,Unsafe Lane Change,1,Bus,18-25,1,1,High
Kochchikade Junction,2023-01-04,09:37,Minor Injury,Pedestrian Collision,Overspeeding,1,Bicycle,56+,0,2,Low
Union Place Slave Island,2023-09-19,19:34,Minor Injury,Single Vehicle Crash,Reckless Driving,1,Lorry,46-55,0,3,Moderate
Thimbirigasyaya Junction,2022-09-01,19:58,Minor Injury,Pedestrian Collision,Overspeeding,1,Motorcycle,18-25,0,1,Moderate
Pettah Clock Tower Area,2022-04-14,18:21,Minor Injury,Rear-end Collision,Distracted Driving,3,Motorcycle; Car; Three Wheeler,18-25,0,2,Low
Sir Chittampalam A Gardiner Mawatha Fort,2024-10-20,14:51,Fatal,Pedestrian Collision,Overspeeding,1,Motorcycle,18-25,1,5,High
Hulftsdorp Junction,2022-12-11,08:37,Fatal,Head-on Collision,Distracted Driving,1,Lorry,18-25,1,2,High
Grandpass Junction,2022-06-04,21:11,Serious Injury,Rear-end Collision,Overspeeding,1,Car,26-35,0,4,Moderate
Borella Junction,2024-07-12,21:25,Minor Injury,Rear-end Collision,Failure to Yield,3,Motorcycle; Lorry; Car,18-25,0,1,Low
Madampitiya Road,2023-06-24,17:41,Minor Injury,Motorcycle Collision,Unsafe Lane Change,2,Motorcycle; Bicycle,46-55,0,3,Moderate
Galle Road Kollupitiya,2024-02-28,12:07,Minor Injury,Head-on Collision,Distracted Driving,3,Motorcycle; Bus; Three Wheeler,36-45,0,4,Low
Panchikawatte,2023-11-07,16:49,Serious Injury,Rear-end Collision,Failure to Yield,2,Motorcycle; Three Wheeler,26-35,0,4,High
Kollupitiya Junction,2025-10-14,12:00,Fatal,Motorcycle Collision,Overspeeding,3,Motorcycle; Lorry; Car,36-45,1,1,Moderate
Nelum Pokuna Area,2024-11-03,18:31,Serious Injury,Motorcycle Collision,Overspeeding,2,Motorcycle; Three Wheeler,56+,0,4,High
Bambalapitiya Junction,2022-09-11,19:54,Minor Injury,Side-impact Collision,Driver Negligence,3,Motorcycle; Three Wheeler; Bus,56+,0,4,Moderate
High Level Road Kirulapone,2025-08-11,23:19,Minor Injury,Rear-end Collision,Driver Negligence,2,Motorcycle; Bus,18-25,0,1,Moderate
Sea Street Kotahena,2025-09-16,08:48,Minor Injury,Head-on Collision,Pedestrian Negligence,1,Motorcycle,18-25,0,2,Low
Dehiwela Junction,2023-01-31,08:08,Serious Injury,Pedestrian Collision,Distracted Driving,1,Motorcycle,36-45,0,1,Low
Dehiwela Railway Station Area,2022-03-25,17:44,Minor Injury,Side-impact Collision,Reckless Driving,1,Lorry,46-55,0,1,Moderate
Rawatawatte Junction,2023-02-12,07:48,Minor Injury,Motorcycle Collision,Driver Negligence,2,Motorcycle; Bus,46-55,0,3,Moderate
Mount Lavinia Junction,2024-03-30,06:18,Serious Injury,Pedestrian Collision,Distracted Driving,2,Bicycle; Lorry,26-35,0,6,Low
Galle Road Dehiwela,2022-08-11,19:24,Minor Injury,Motorcycle Collision,Distracted Driving,1,Bicycle,26-35,0,3,Low
Galle Road Mount Lavinia,2020-10-19,15:10,Minor Injury,Side-impact Collision,Reckless Driving,4,Truck; Three Wheeler; Bus; Lorry,26-35,0,3,Moderate
Templers Road Mount Lavinia,2020-05-11,18:25,Serious Injury,Motorcycle Collision,Driver Negligence,2,Bicycle; Motorcycle,36-45,0,6,High
De Saram Road Dehiwela,2022-12-12,17:27,Minor Injury,Single Vehicle Crash,Overspeeding,2,Three Wheeler; Motorcycle,18-25,0,1,Moderate
Nugegoda Junction,2021-10-17,18:27,Serious Injury,Multi-vehicle Collision,Reckless Driving,1,Truck,18-25,1,1,High
Nugegoda Town,2022-12-28,17:21,Minor Injury,Rear-end Collision,Overspeeding,3,Truck; Car; Bicycle,46-55,0,3,Moderate
Pagoda Road Nugegoda,2021-03-11,19:19,Serious Injury,Pedestrian Collision,Overspeeding,2,Three Wheeler; Motorcycle,18-25,0,5,Moderate
High Level Road Nugegoda,2021-04-03,20:56,Minor Injury,Head-on Collision,Driver Fatigue,2,Three Wheeler; Car,26-35,0,1,Low
High Level Road Maharagama,2025-12-21,17:08,Minor Injury,Multi-vehicle Collision,Pedestrian Negligence,1,Bus,26-35,0,4,Moderate
High Level Road Gangodawila,2022-04-03,17:25,Fatal,Head-on Collision,Distracted Driving,3,Truck; Lorry; Three Wheeler,26-35,1,2,Low
Wijerama Junction,2020-01-30,05:40,Minor Injury,Rear-end Collision,Driver Negligence,2,Car; Van,18-25,0,2,Low
Wijerama Mawatha Nugegoda,2025-04-20,08:30,Minor Injury,Pedestrian Collision,Driver Negligence,2,Motorcycle; Bicycle,18-25,0,4,High
Depanama Junction,2021-02-07,05:46,Serious Injury,Motorcycle Collision,Failure to Yield,1,Three Wheeler,26-35,0,2,High
Maharagama Junction,2020-11-04,12:55,Minor Injury,Single Vehicle Crash,Driver Negligence,2,Car; Truck,56+,0,2,Low
Maharagama Town,2024-06-30,20:10,Minor Injury,Motorcycle Collision,Mechanical Failure,2,Lorry; Van,46-55,0,3,High
Rajagiriya Junction,2025-06-16,07:18,Fatal,Rear-end Collision,Driver Negligence,4,Car; Bicycle; Bus; Truck,26-35,1,4,Low
Rajagiriya Flyover,2022-01-31,05:04,Fatal,Multi-vehicle Collision,Reckless Driving,1,Motorcycle,56+,1,4,High
Rajagiriya Police Area,2025-11-11,10:16,Minor Injury,Rear-end Collision,Unsafe Lane Change,2,Three Wheeler; Bus,18-25,0,3,High
Nawala Road Rajagiriya,2020-02-08,13:36,Fatal,Head-on Collision,Driver Negligence,4,Three Wheeler; Lorry; Bus; Motorcycle,56+,2,1,High
Nawala Junction,2023-05-24,15:51,Minor Injury,Multi-vehicle Collision,Driver Negligence,3,Lorry; Bicycle; Car,56+,0,2,Low
Sri Jayawardenepura Kotte Junction,2021-09-28,09:38,Serious Injury,Rear-end Collision,Reckless Driving,3,Lorry; Truck; Three Wheeler,26-35,1,1,Low
Polduwa Junction,2020-01-15,10:08,Minor Injury,Multi-vehicle Collision,Reckless Driving,2,Truck; Lorry,36-45,0,1,Low
Ethul Kotte Junction,2021-09-02,14:53,Fatal,Motorcycle Collision,Overspeeding,3,Van; Motorcycle; Car,18-25,2,0,Moderate
Thurstan Road Colombo 03,2021-02-25,10:35,Minor Injury,Single Vehicle Crash,Overspeeding,2,Bus; Motorcycle,46-55,0,2,Moderate
Kirula Road Borella,2023-09-22,18:26,Minor Injury,Pedestrian Collision,Failure to Yield,3,Three Wheeler; Bus; Motorcycle,46-55,0,1,High
Baseline Road Dematagoda,2022-03-28,18:29,Minor Injury,Motorcycle Collision,Driver Fatigue,2,Three Wheeler; Motorcycle,26-35,0,2,High
Dematagoda Police Area,2023-02-17,10:32,Minor Injury,Motorcycle Collision,Mechanical Failure,1,Bicycle,56+,0,1,Moderate
Ingurukade Junction,2022-12-23,03:38,Minor Injury,Side-impact Collision,Unsafe Lane Change,2,Bicycle; Three Wheeler,36-45,0,1,High
Technical Junction,2024-11-21,00:59,Minor Injury,Pedestrian Collision,Unsafe Lane Change,2,Three Wheeler; Bus,18-25,0,3,High
Maligawatte Junction,2023-05-15,14:42,Serious Injury,Motorcycle Collision,Overspeeding,1,Lorry,36-45,0,6,Moderate
Maligawatte Road,2023-05-17,12:53,Serious Injury,Rear-end Collision,Reckless Driving,4,Van; Truck; Lorry; Bicycle,36-45,0,4,High
Kirulapone Junction,2021-11-26,16:18,Minor Injury,Side-impact Collision,Distracted Driving,3,Bicycle; Car; Motorcycle,36-45,0,2,Moderate
Kirulapone Avenue,2025-04-30,15:49,Minor Injury,Rear-end Collision,Overspeeding,1,Three Wheeler,36-45,0,4,High
Havelock Road Kirulapone,2020-01-23,20:55,Minor Injury,Pedestrian Collision,Driver Negligence,3,Van; Motorcycle; Truck,46-55,0,4,Low
Alfred Place Colombo 03,2025-02-12,07:29,Minor Injury,Multi-vehicle Collision,Drunk Driving,3,Bicycle; Van; Three Wheeler,36-45,0,4,Moderate
Jawatte Road Colombo 05,2025-04-28,12:48,Minor Injury,Motorcycle Collision,Distracted Driving,3,Truck; Bicycle; Motorcycle,26-35,0,1,High
Lauries Road Colombo 04,2020-11-26,07:14,Minor Injury,Motorcycle Collision,Driver Negligence,2,Three Wheeler; Car,18-25,0,3,High
Bullers Road Colombo 07,2024-09-16,11:49,Minor Injury,Multi-vehicle Collision,Unsafe Lane Change,2,Van; Three Wheeler,26-35,0,3,Low
Grandpass Road Colombo 14,2024-09-12,14:47,Minor Injury,Side-impact Collision,Distracted Driving,3,Three Wheeler; Truck; Motorcycle,26-35,0,4,Low
Baseline Road Grandpass,2024-07-14,17:53,Minor Injury,Side-impact Collision,Driver Negligence,3,Car; Three Wheeler; Lorry,36-45,0,1,Low
Kotahena Street Colombo 13,2022-01-14,04:24,Minor Injury,Motorcycle Collision,Overspeeding,3,Bicycle; Van; Three Wheeler,26-35,0,4,Low
St. Anthony's Mawatha Colombo 03,2020-08-01,23:22,Minor Injury,Motorcycle Collision,Driver Negligence,1,Car,36-45,0,2,Low
Norris Canal Road Maradana,2021-06-01,13:07,Minor Injury,Side-impact Collision,Driver Negligence,1,Lorry,46-55,0,2,High
Baseline Road Kotahena,2021-11-01,21:06,Fatal,Multi-vehicle Collision,Poor Visibility,3,Van; Three Wheeler; Bicycle,26-35,1,1,Low
Hospital Road Colombo 10,2021-05-10,18:36,Serious Injury,Pedestrian Collision,Reckless Driving,3,Van; Bicycle; Bus,26-35,0,1,Moderate
Kynsey Road Colombo 08,2024-01-23,16:53,Serious Injury,Side-impact Collision,Driver Negligence,1,Bus,36-45,1,3,High
Galle Road Colombo 03,2025-03-19,12:46,Fatal,Multi-vehicle Collision,Reckless Driving,3,Three Wheeler; Van; Car,26-35,1,3,High
Galle Road Colombo 04,2025-07-17,19:11,Serious Injury,Side-impact Collision,Reckless Driving,2,Lorry; Bus,26-35,0,3,High
Galle Road Colombo 06,2022-09-15,17:31,Minor Injury,Side-impact Collision,Reckless Driving,1,Truck,36-45,0,4,High
Galle Road Colombo 08,2024-07-14,16:19,Minor Injury,Multi-vehicle Collision,Reckless Driving,2,Bicycle; Three Wheeler,56+,0,3,Low
Galle Road Rathmalana,2022-08-02,07:12,Minor Injury,Motorcycle Collision,Unsafe Lane Change,2,Bus; Motorcycle,26-35,0,4,Low
Galle Road Moratuwa,2023-03-05,22:53,Minor Injury,Rear-end Collision,Reckless Driving,3,Bus; Truck; Car,36-45,0,2,Low
Marine Drive Galle Face,2021-06-01,16:48,Fatal,Side-impact Collision,Failure to Yield,2,Lorry; Three Wheeler,18-25,1,0,Low
Kandy Road Kelaniya,2020-09-24,12:04,Serious Injury,Multi-vehicle Collision,Unsafe Lane Change,1,Bus,26-35,0,3,Low
Kandy Road Kadawatha,2024-08-31,15:50,Minor Injury,Multi-vehicle Collision,Driver Fatigue,2,Van; Three Wheeler,56+,0,3,Moderate
Baseline Road Rajagiriya,2020-09-03,15:47,Fatal,Rear-end Collision,Driver Fatigue,2,Three Wheeler; Bus,36-45,1,1,High
Baseline Road Kesbewa,2025-04-08,09:14,Minor Injury,Motorcycle Collision,Reckless Driving,2,Truck; Car,36-45,0,3,Moderate
Old Kesbewa Road Nugegoda,2022-03-21,12:34,Minor Injury,Motorcycle Collision,Driver Negligence,3,Lorry; Van; Motorcycle,26-35,0,2,Moderate
Horana Road Kesbewa,2023-03-28,12:29,Minor Injury,Multi-vehicle Collision,Unsafe Lane Change,3,Lorry; Truck; Van,18-25,0,1,High
Main Street Pettah,2022-10-22,02:14,Serious Injury,Head-on Collision,Driver Fatigue,3,Car; Van; Bicycle,46-55,0,2,High
Second Cross Street Pettah,2022-01-13,23:27,Serious Injury,Multi-vehicle Collision,Overspeeding,4,Motorcycle; Three Wheeler; Bus; Van,18-25,0,2,Low
Dam Street Colombo 12,2024-06-28,18:35,Serious Injury,Rear-end Collision,Driver Negligence,2,Lorry; Bus,26-35,0,5,Moderate
Manning Market Area,2025-03-07,12:12,Minor Injury,Side-impact Collision,Distracted Driving,3,Truck; Bicycle; Three Wheeler,46-55,0,2,Low
York Street Fort,2025-06-08,07:40,Minor Injury,Multi-vehicle Collision,Reckless Driving,2,Bus; Truck,36-45,0,4,Low
Lotus Road Colombo 01,2025-03-05,21:41,Fatal,Pedestrian Collision,Overspeeding,4,Lorry; Truck; Bicycle; Bus,18-25,1,3,Low
Chatham Street Fort,2025-09-12,17:08,Minor Injury,Single Vehicle Crash,Reckless Driving,2,Van; Bus,56+,0,3,Moderate
Prince Street Colombo 11,2025-06-28,19:28,Minor Injury,Side-impact Collision,Reckless Driving,2,Van; Three Wheeler,56+,0,2,Moderate
Reclamation Road Colombo 11,2024-08-09,04:47,Minor Injury,Side-impact Collision,Poor Visibility,2,Van; Three Wheeler,56+,0,2,High
Beira Lake Road Colombo 02,2023-09-21,19:55,Minor Injury,Pedestrian Collision,Driver Negligence,2,Truck; Car,36-45,0,4,Moderate
Reid Avenue Colombo 07,2022-12-21,10:44,Fatal,Motorcycle Collision,Driver Negligence,1,Bicycle,46-55,2,3,Moderate
Dr. Colvin R. de Silva Mawatha,2025-06-21,19:02,Minor Injury,Multi-vehicle Collision,Reckless Driving,3,Lorry; Motorcycle; Bicycle,26-35,0,1,Moderate
Ananda Coomaraswamy Mawatha,2021-11-12,16:57,Serious Injury,Rear-end Collision,Reckless Driving,1,Car,18-25,0,2,Low
Independence Square Area,2022-01-07,07:05,Minor Injury,Multi-vehicle Collision,Reckless Driving,3,Three Wheeler; Truck; Lorry,26-35,0,4,High
Rosmead Place Colombo 07,2025-03-20,20:43,Minor Injury,Side-impact Collision,Driver Negligence,3,Bicycle; Lorry; Bus,36-45,0,4,High
Flower Road Colombo 03,2024-04-24,19:06,Minor Injury,Motorcycle Collision,Distracted Driving,2,Lorry; Bicycle,18-25,0,4,Low
Guildford Crescent Colombo 07,2020-07-19,20:47,Minor Injury,Side-impact Collision,Poor Visibility,3,Lorry; Van; Motorcycle,36-45,0,3,Low
Horton Place Colombo 07,2021-07-14,16:57,Minor Injury,Multi-vehicle Collision,Driver Negligence,2,Truck; Car,36-45,0,2,Low
Alfred House Gardens Colombo 03,2021-12-20,08:50,Minor Injury,Side-impact Collision,Mechanical Failure,3,Lorry; Van; Motorcycle,26-35,0,4,Moderate
Battaramulla Junction,2021-04-16,13:04,Minor Injury,Rear-end Collision,Mechanical Failure,3,Van; Truck; Lorry,18-25,0,4,Low
Battaramulla Town,2022-12-09,15:52,Minor Injury,Multi-vehicle Collision,Reckless Driving,2,Three Wheeler; Truck,26-35,0,3,Moderate
Jayanthi Mawatha Battaramulla,2025-03-16,20:19,Minor Injury,Multi-vehicle Collision,Driver Negligence,1,Car,56+,0,3,Moderate
Pelawatta Junction,2021-07-09,11:23,Minor Injury,Multi-vehicle Collision,Unsafe Lane Change,2,Van; Lorry,36-45,0,2,Moderate
Thalawathugoda Junction,2024-07-29,21:17,Serious Injury,Rear-end Collision,Reckless Driving,3,Truck; Three Wheeler; Motorcycle,46-55,0,6,High
Peliyagoda Junction,2020-09-05,12:12,Fatal,Head-on Collision,Pedestrian Negligence,2,Truck; Car,36-45,2,4,Moderate
Peliyagoda Fish Market Area,2021-05-30,18:13,Minor Injury,Rear-end Collision,Driver Fatigue,2,Three Wheeler; Lorry,26-35,0,2,Low
Kelaniya Junction,2020-01-12,09:09,Minor Injury,Head-on Collision,Overspeeding,4,Bus; Car; Bicycle; Van,26-35,0,3,Moderate
Wattala Junction,2021-12-14,09:08,Minor Injury,Pedestrian Collision,Overspeeding,2,Motorcycle; Three Wheeler,18-25,0,3,High
New Kelani Bridge Approach,2020-06-26,17:58,Minor Injury,Single Vehicle Crash,Overspeeding,2,Truck; Bicycle,56+,0,1,Moderate
Old Kelani Bridge Approach,2021-03-18,13:58,Serious Injury,Side-impact Collision,Poor Visibility,2,Bicycle; Lorry,26-35,0,5,High
Ekala Junction,2025-12-13,09:32,Minor Injury,Multi-vehicle Collision,Driver Negligence,2,Motorcycle; Van,36-45,0,2,High
Moratuwa Junction,2025-01-31,12:46,Serious Injury,Rear-end Collision,Overspeeding,2,Lorry; Bus,56+,0,4,Low
Rawathawatte Road Moratuwa,2021-01-30,17:23,Serious Injury,Pedestrian Collision,Overspeeding,1,Bicycle,36-45,0,6,Moderate
Rathmalana Junction,2020-07-29,22:38,Minor Injury,Motorcycle Collision,Driver Negligence,4,Three Wheeler; Motorcycle; Bicycle; Truck,26-35,0,1,Low
Rathmalana Railway Station Area,2023-02-15,15:51,Minor Injury,Side-impact Collision,Overspeeding,1,Car,36-45,0,3,Low
Angulana Junction,2023-10-23,10:11,Minor Injury,Single Vehicle Crash,Overspeeding,3,Van; Car; Motorcycle,36-45,0,1,Low
Katubedda Junction,2025-02-01,10:23,Minor Injury,Motorcycle Collision,Reckless Driving,2,Motorcycle; Car,26-35,0,1,High
Orugodawatta Junction,2025-06-12,15:26,Minor Injury,Motorcycle Collision,Unsafe Lane Change,3,Motorcycle; Bus; Three Wheeler,26-35,0,4,High
Wellampitiya Junction,2020-08-12,00:19,Minor Injury,Head-on Collision,Driver Fatigue,2,Lorry; Bus,18-25,0,1,High
Kolonnawa Junction,2025-12-21,17:32,Minor Injury,Side-impact Collision,Distracted Driving,1,Bicycle,26-35,0,1,High
Angoda Junction,2023-07-06,15:36,Minor Injury,Motorcycle Collision,Distracted Driving,1,Lorry,26-35,0,1,Moderate
Kaduwela Junction,2025-02-27,18:58,Minor Injury,Motorcycle Collision,Overspeeding,4,Motorcycle; Truck; Three Wheeler; Lorry,18-25,0,1,High
Havelock Road Colombo 05,2023-09-26,18:04,Minor Injury,Side-impact Collision,Driver Negligence,2,Three Wheeler; Van,18-25,0,2,Low
Vajira Road Colombo 05,2021-09-18,17:41,Minor Injury,Rear-end Collision,Pedestrian Negligence,1,Truck,18-25,0,4,High
Kumaran Ratnam Road Colombo 02,2023-08-16,19:40,Serious Injury,Motorcycle Collision,Overspeeding,2,Truck; Three Wheeler,36-45,0,5,Low
R A de Mel Mawatha Colombo 03,2025-01-25,03:23,Minor Injury,Pedestrian Collision,Driver Negligence,2,Motorcycle; Lorry,36-45,0,4,High
Ward Place Colombo 07,2020-06-17,12:51,Minor Injury,Multi-vehicle Collision,Driver Negligence,3,Truck; Lorry; Motorcycle,56+,0,4,Low
Gregory's Road Colombo 07,2020-12-11,13:11,Fatal,Rear-end Collision,Unsafe Lane Change,2,Truck; Lorry,18-25,1,2,Moderate
Ananda Rajakaruna Mawatha,2020-08-02,18:41,Minor Injury,Motorcycle Collision,Reckless Driving,3,Van; Bus; Truck,36-45,0,2,Low
Sir Ernest de Silva Mawatha,2023-12-03,09:41,Minor Injury,Multi-vehicle Collision,Reckless Driving,1,Motorcycle,18-25,0,4,High
Dharmapala Mawatha Colombo 07,2025-11-26,06:42,Minor Injury,Side-impact Collision,Reckless Driving,1,Bicycle,18-25,0,2,Low
Malabe Junction,2021-07-17,07:18,Serious Injury,Pedestrian Collision,Driver Negligence,1,Car,36-45,1,5,Low
Athurugiriya Junction,2021-11-09,17:02,Minor Injury,Motorcycle Collision,Distracted Driving,1,Three Wheeler,56+,0,3,Moderate
Pittugala Junction,2022-09-06,09:51,Serious Injury,Pedestrian Collision,Poor Visibility,2,Three Wheeler; Bus,36-45,0,4,High
Kadawatha Junction,2025-11-30,12:10,Minor Injury,Pedestrian Collision,Driver Fatigue,2,Bus; Van,26-35,0,4,Moderate
Dehiwela Zoo Area,2025-10-14,19:18,Minor Injury,Rear-end Collision,Driver Negligence,1,Truck,56+,0,2,Moderate
Wellawatte Canal Area,2025-01-21,19:59,Minor Injury,Rear-end Collision,Driver Negligence,4,Bicycle; Motorcycle; Three Wheeler; Car,18-25,0,1,Low
Bambalapitiya Market Area,2023-10-05,18:08,Minor Injury,Rear-end Collision,Poor Visibility,3,Truck; Bicycle; Motorcycle,46-55,0,4,High