Location,Date of Accident,Time of Accident,Accident Severity,Collision Type,Cause of Accident,Number of Vehicles,Vehicle Types,Driver Age Group,Number of Fatalities,Number of Injuries,Property Damage Level
Baseline Road Maradana,2022-11-14,08:09,Minor Injury,Side-impact Collision,Unsafe Lane Change,1,Van,26-35,0,3,Low
D S Senanayake Mawatha,2025-02-15,05:53,Minor Injury,Single Vehicle Crash,Distracted Driving,2,Car; Bicycle,18-25,0,2,Moderate
Bauddhaloka Mawatha Colombo 04,2023-12-16,08:26,Minor Injury,Rear-end Collision,Distracted Driving,1,Bicycle,26-35,0,1,High
Elvitigala Mawatha Colombo 05,2024-03-09,08:01,Minor Injury,Motorcycle Collision,Driver Negligence,2,Three Wheeler; Bicycle,36-45,0,1,Moderate
Elvitigala Mawatha Colombo 08,2020-06-30,10:21,Serious Injury,Pedestrian Collision,Driver Negligence,2,Truck; Bicycle,18-25,0,2,Low
Udahamulla Junction,2023-04-16,08:50,Serious Injury,Rear-end Collision,Driver Negligence,2,Lorry; Truck,18-25,1,4,Low
Hokandara Junction,2024-01-02,19:03,Serious Injury,Single Vehicle Crash,Reckless Driving,1,Motorcycle,46-55,0,4,Moderate
Dematagoda Police Area,2025-07-30,11:51,Minor Injury,Side-impact Collision,Driver Fatigue,1,Van,26-35,0,2,High
Wijerama Junction,2023-04-25,09:38,Minor Injury,Pedestrian Collision,Driver Negligence,2,Truck; Bus,18-25,0,3,High
Baseline Road Grandpass,2020-08-22,05:40,Minor Injury,Motorcycle Collision,Overspeeding,4,Bus; Car; Motorcycle; Lorry,36-45,0,4,Low
Olcott Mawatha Pettah,2024-01-23,11:36,Minor Injury,Rear-end Collision,Driver Negligence,2,Truck; Bus,18-25,0,1,High
York Street Fort,2023-02-15,08:07,Minor Injury,Rear-end Collision,Driver Negligence,2,Van; Lorry,26-35,0,3,High
Pettah Clock Tower Area,2025-07-04,08:08,Fatal,Single Vehicle Crash,Overspeeding,2,Truck; Car,46-55,3,2,High
Dharmapala Mawatha Colombo 07,2023-05-13,19:45,Minor Injury,Pedestrian Collision,Unsafe Lane Change,2,Bus; Van,18-25,0,2,Low
Havelock Road Havelock Town,2025-07-16,02:35,Serious Injury,Multi-vehicle Collision,Overspeeding,2,Bus; Lorry,46-55,0,4,Moderate
Pittugala Junction,2024-08-04,18:04,Minor Injury,Rear-end Collision,Reckless Driving,2,Motorcycle; Three Wheeler,18-25,0,3,Low
Reid Avenue Colombo 07,2021-06-12,12:58,Serious Injury,Single Vehicle Crash,Driver Fatigue,1,Bus,18-25,0,6,Low
Second Cross Street Pettah,2022-10-23,08:35,Fatal,Motorcycle Collision,Distracted Driving,3,Motorcycle; Lorry; Bicycle,26-35,3,1,Low
New Kelani Bridge Approach,2020-06-17,18:01,Serious Injury,Rear-end Collision,Pedestrian Negligence,2,Lorry; Bicycle,26-35,0,5,High
Baseline Road Rajagiriya,2023-05-22,13:51,Serious Injury,Pedestrian Collision,Overspeeding,2,Truck; Car,36-45,0,4,High
D R Wijewardena Mawatha Fort,2023-07-31,17:55,Minor Injury,Motorcycle Collision,Overspeeding,1,Bicycle,18-25,0,1,Low
Galle Road Colombo 04,2021-07-31,06:18,Minor Injury,Head-on Collision,Failure to Yield,2,Van; Motorcycle,56+,0,2,Moderate
Guildford Crescent Colombo 07,2021-10-14,13:32,Serious Injury,Side-impact Collision,Failure to Yield,1,Truck,26-35,1,5,High
Town Hall Area,2020-07-26,09:38,Minor Injury,Single Vehicle Crash,Distracted Driving,2,Truck; Bus,18-25,0,1,High
Pamankada Junction,2024-02-07,04:03,Serious Injury,Multi-vehicle Collision,Driver Negligence,3,Lorry; Car; Three Wheeler,18-25,0,3,Moderate
New Kelani Bridge Approach,2021-01-31,11:50,Serious Injury,Head-on Collision,Overspeeding,1,Bicycle,36-45,0,5,High
Nelum Pokuna Area,2023-09-26,18:33,Minor Injury,Side-impact Collision,Distracted Driving,1,Bus,18-25,0,3,Low
Kelaniya Junction,2023-10-09,14:32,Serious Injury,Side-impact Collision,Unsafe Lane Change,2,Lorry; Three Wheeler,46-55,0,6,Low
Alfred Place Colombo 03,2020-04-19,15:16,Minor Injury,Head-on Collision,Driver Fatigue,3,Three Wheeler; Bicycle; Car,36-45,0,2,High
Pittugala Junction,2021-08-28,18:15,Minor Injury,Rear-end Collision,Pedestrian Negligence,3,Motorcycle; Truck; Car,18-25,0,4,Low
R A de Mel Mawatha Colombo 03,2025-04-15,19:47,Minor Injury,Pedestrian Collision,Unsafe Lane Change,2,Three Wheeler; Lorry,18-25,0,4,High
High Level Road Maharagama,2025-12-23,10:22,Fatal,Multi-vehicle Collision,Failure to Yield,2,Lorry; Truck,18-25,3,2,High
Sir Chittampalam A Gardiner Mawatha Fort,2023-03-29,17:44,Fatal,Multi-vehicle Collision,Reckless Driving,4,Bicycle; Lorry; Truck; Bus,18-25,1,4,High
Maligawatte Junction,2021-08-22,09:18,Serious Injury,Head-on Collision,Driver Negligence,4,Truck; Bicycle; Bus; Three Wheeler,26-35,1,3,Moderate
Gregory's Road Colombo 07,2022-09-07,08:42,Minor Injury,Single Vehicle Crash,Reckless Driving,1,Three Wheeler,26-35,0,4,Low
Galle Road Colombo 06,2020-01-22,21:59,Minor Injury,Rear-end Collision,Distracted Driving,3,Truck; Three Wheeler; Bicycle,26-35,0,3,Low
Rathmalana Railway Station Area,2022-08-09,14:46,Minor Injury,Single Vehicle Crash,Driver Negligence,3,Bus; Three Wheeler; Motorcycle,56+,0,1,Moderate
Maligawatte Junction,2023-03-31,19:00,Serious Injury,Motorcycle Collision,Distracted Driving,1,Bicycle,18-25,1,5,High
Darley Road Cinnamon Gardens,2022-02-28,18:21,Serious Injury,Rear-end Collision,Overspeeding,2,Lorry; Bicycle,26-35,0,3,High
Elvitigala Mawatha Colombo 08,2024-07-18,18:32,Minor Injury,Motorcycle Collision,Overspeeding,2,Motorcycle; Truck,56+,0,4,Low
Galle Road Kollupitiya,2025-01-03,17:21,Minor Injury,Motorcycle Collision,Unsafe Lane Change,2,Car; Bus,36-45,0,2,Low
Hulftsdorp Junction,2025-08-20,20:56,Minor Injury,Multi-vehicle Collision,Reckless Driving,1,Motorcycle,36-45,0,3,High
Kollupitiya Railway Station Area,2021-09-19,13:38,Minor Injury,Motorcycle Collision,Unsafe Lane Change,1,Truck,46-55,0,2,Moderate
Vajira Road Colombo 05,2020-12-01,14:33,Serious Injury,Multi-vehicle Collision,Driver Negligence,3,Motorcycle; Car; Lorry,56+,0,5,Low
Wijerama Mawatha Nugegoda,2022-04-21,17:31,Serious Injury,Rear-end Collision,Overspeeding,2,Car; Three Wheeler,26-35,0,5,Low
Galle Road Colombo 03,2020-03-30,11:52,Serious Injury,Rear-end Collision,Driver Negligence,2,Motorcycle; Car,18-25,0,5,Moderate
Olcott Mawatha Pettah,2023-03-21,12:49,Fatal,Rear-end Collision,Distracted Driving,2,Van; Bus,56+,1,3,High
Vajira Road Colombo 05,2021-06-28,16:22,Fatal,Rear-end Collision,Drunk Driving,3,Van; Lorry; Motorcycle,36-45,1,0,Moderate
Nugegoda Junction,2024-10-03,14:52,Minor Injury,Motorcycle Collision,Overspeeding,3,Bus; Truck; Motorcycle,56+,0,1,Low
Wellampitiya Junction,2020-03-05,08:04,Minor Injury,Rear-end Collision,Driver Negligence,3,Car; Motorcycle; Bicycle,26-35,0,4,Low
Armour Street Pettah,2021-07-27,13:18,Serious Injury,Motorcycle Collision,Poor Visibility,3,Bicycle; Lorry; Van,46-55,1,2,Low
Madampitiya Road,2024-08-20,09:03,Fatal,Side-impact Collision,Distracted Driving,2,Bus; Bicycle,36-45,1,0,Moderate
Rathmalana Junction,2023-07-29,16:26,Serious Injury,Rear-end Collision,Reckless Driving,3,Truck; Motorcycle; Van,18-25,0,4,Moderate
Ananda Coomaraswamy Mawatha,2025-12-10,07:15,Minor Injury,Motorcycle Collision,Reckless Driving,2,Motorcycle; Three Wheeler,46-55,0,1,High
Havelock Town Junction,2020-06-10,19:12,Minor Injury,Pedestrian Collision,Distracted Driving,2,Three Wheeler; Truck,26-35,0,3,Low
Bambalapitiya Junction,2021-04-25,17:48,Minor Injury,Side-impact Collision,Reckless Driving,1,Three Wheeler,18-25,0,2,High
Galle Road Dehiwela,2024-01-11,09:23,Minor Injury,Side-impact Collision,Overspeeding,2,Motorcycle; Van,56+,0,4,Moderate
High Level Road Gangodawila,2024-08-22,04:55,Fatal,Rear-end Collision,Driver Negligence,2,Lorry; Truck,56+,1,3,Low
High Level Road Kirulapone,2022-10-03,13:41,Minor Injury,Single Vehicle Crash,Reckless Driving,2,Truck; Bicycle,36-45,0,4,High
Wellawatte Canal Area,2025-06-23,07:56,Serious Injury,Side-impact Collision,Distracted Driving,1,Car,18-25,1,1,Moderate
Angoda Junction,2021-07-17,19:14,Minor Injury,Rear-end Collision,Driver Negligence,1,Three Wheeler,18-25,0,3,Low
Rawathawatte Road Moratuwa,2025-06-02,16:01,Serious Injury,Rear-end Collision,Overspeeding,2,Car; Truck,18-25,0,3,Low
Gregory's Road Colombo 07,2022-01-04,06:06,Serious Injury,Side-impact Collision,Reckless Driving,3,Lorry; Van; Bus,26-35,0,3,Moderate
Kynsey Road Colombo 08,2022-07-14,09:52,Minor Injury,Pedestrian Collision,Distracted Driving,4,Car; Truck; Three Wheeler; Bicycle,18-25,0,4,Low
Galle Road Wellawatte,2024-11-12,16:21,Serious Injury,Side-impact Collision,Failure to Yield,1,Motorcycle,46-55,1,2,Low
Ward Place Colombo 07,2020-07-09,20:43,Serious Injury,Single Vehicle Crash,Poor Visibility,2,Car; Motorcycle,56+,0,2,High
Elvitigala Mawatha Colombo 05,2020-11-11,09:36,Serious Injury,Motorcycle Collision,Driver Fatigue,3,Van; Bicycle; Lorry,18-25,0,2,Moderate
R A de Mel Mawatha Colombo 03,2023-11-17,04:27,Serious Injury,Motorcycle Collision,Driver Negligence,2,Van; Truck,18-25,0,4,High
Nawala Junction,2022-01-30,16:42,Minor Injury,Motorcycle Collision,Driver Fatigue,2,Lorry; Van,26-35,0,1,Low
D R Wijewardena Mawatha Dematagoda,2021-09-23,17:20,Minor Injury,Motorcycle Collision,Driver Negligence,3,Lorry; Three Wheeler; Bus,46-55,0,1,Low
Baseline Road Borella,2025-09-29,12:01,Minor Injury,Rear-end Collision,Overspeeding,2,Bicycle; Van,18-25,0,3,High
Havelock Place Area,2022-09-21,15:10,Serious Injury,Multi-vehicle Collision,Driver Negligence,2,Lorry; Bus,26-35,0,2,High
Jawatte Road Colombo 05,2024-01-19,08:15,Minor Injury,Pedestrian Collision,Overspeeding,3,Three Wheeler; Truck; Car,26-35,0,1,Moderate
Maharagama Junction,2023-09-11,12:27,Serious Injury,Pedestrian Collision,Failure to Yield,2,Bus; Truck,18-25,1,2,High
Mutwal Road Mutwal,2023-04-08,17:40,Fatal,Side-impact Collision,Distracted Driving,4,Three Wheeler; Bus; Truck; Van,46-55,1,0,Moderate
Havelock Road Havelock Town,2020-04-20,21:29,Minor Injury,Single Vehicle Crash,Driver Negligence,2,Lorry; Van,36-45,0,4,High
Armour Street Junction,2021-09-23,17:50,Serious Injury,Motorcycle Collision,Overspeeding,2,Truck; Lorry,18-25,0,6,High
Sea Street Pettah,2020-12-14,06:15,Serious Injury,Multi-vehicle Collision,Reckless Driving,2,Car; Lorry,56+,0,4,Moderate
Depanama Junction,2020-02-13,06:14,Fatal,Side-impact Collision,Overspeeding,2,Three Wheeler; Truck,18-25,1,4,High
Mattakkuliya Junction,2021-03-04,09:58,Minor Injury,Head-on Collision,Driver Negligence,1,Bus,18-25,0,3,High
D R Wijewardena Mawatha Fort,2021-02-03,12:44,Minor Injury,Side-impact Collision,Driver Negligence,2,Car; Van,36-45,0,1,Moderate
Rathmalana Railway Station Area,2022-09-26,14:35,Minor Injury,Rear-end Collision,Overspeeding,3,Truck; Motorcycle; Three Wheeler,36-45,0,2,High
Grandpass Road Colombo 14,2022-03-19,12:27,Minor Injury,Motorcycle Collision,Unsafe Lane Change,3,Three Wheeler; Bus; Bicycle,46-55,0,1,High
Chatham Street Fort,2025-02-17,06:42,Minor Injury,Single Vehicle Crash,Overspeeding,2,Bicycle; Lorry,18-25,0,4,High
Rajagiriya Police Area,2021-12-07,18:45,Minor Injury,Pedestrian Collision,Poor Visibility,2,Motorcycle; Bicycle,26-35,0,1,Low
Borella Police Area,2025-09-23,11:38,Minor Injury,Rear-end Collision,Reckless Driving,3,Bus; Three Wheeler; Bicycle,18-25,0,2,High
Kandy Road Kelaniya,2025-01-21,15:55,Minor Injury,Motorcycle Collision,Driver Negligence,1,Bus,26-35,0,4,Moderate
Old Kesbewa Road Nugegoda,2025-07-07,12:53,Serious Injury,Side-impact Collision,Driver Negligence,2,Car; Van,46-55,0,3,Low
Galle Road Mount Lavinia,2025-07-21,14:07,Minor Injury,Multi-vehicle Collision,Reckless Driving,2,Bicycle; Lorry,46-55,0,1,Moderate
Kotahena Street Colombo 13,2021-02-23,17:41,Minor Injury,Pedestrian Collision,Reckless Driving,4,Car; Three Wheeler; Bus; Bicycle,46-55,0,1,High
Hulftsdorp Junction,2023-12-07,19:39,Serious Injury,Multi-vehicle Collision,Driver Negligence,2,Bus; Van,26-35,0,1,High
Lotus Road Colombo 01,2023-08-18,22:18,Minor Injury,Motorcycle Collision,Reckless Driving,2,Motorcycle; Truck,56+,0,4,Moderate
Rawatawatte Junction,2021-06-27,08:45,Serious Injury,Motorcycle Collision,Reckless Driving,1,Van,18-25,0,3,High
Kirula Road Borella,2021-01-16,12:47,Minor Injury,Motorcycle Collision,Poor Visibility,2,Bicycle; Three Wheeler,56+,0,3,High
Wellawatte Canal Area,2024-01-07,19:50,Minor Injury,Side-impact Collision,Driver Negligence,4,Van; Truck; Motorcycle; Three Wheeler,26-35,0,3,Low
Guildford Crescent Colombo 07,2023-11-08,20:48,Minor Injury,Rear-end Collision,Driver Negligence,3,Truck; Car; Van,56+,0,2,High
Fort Bus Stand Area,2021-06-24,19:19,Fatal,Rear-end Collision,Poor Visibility,2,Lorry; Car,36-45,1,2,High
Angulana Junction,2023-06-05,17:48,Minor Injury,Motorcycle Collision,Distracted Driving,2,Motorcycle; Car,26-35,0,1,Low
Sir Chittampalam A Gardiner Mawatha Fort,2020-02-03,16:52,Minor Injury,Rear-end Collision,Failure to Yield,2,Bus; Three Wheeler,26-35,0,4,Low
Pettah Market Area,2023-05-10,07:49,Minor Injury,Pedestrian Collision,Failure to Yield,2,Bus; Car,18-25,0,1,High
Viharamahadevi Park Entrance,2021-09-12,20:39,Minor Injury,Multi-vehicle Collision,Failure to Yield,3,Motorcycle; Car; Truck,36-45,0,4,Low
Bullers Road Colombo 07,2023-02-08,16:15,Minor Injury,Side-impact Collision,Distracted Driving,1,Lorry,46-55,0,1,Moderate
Orugodawatta Junction,2025-09-18,07:25,Serious Injury,Motorcycle Collision,Driver Negligence,2,Three Wheeler; Truck,18-25,0,6,High
York Street Fort,2024-01-19,20:08,Serious Injury,Motorcycle Collision,Failure to Yield,1,Van,18-25,0,4,Moderate
T B Jayah Mawatha Maradana,2022-12-09,08:59,Minor Injury,Rear-end Collision,Driver Fatigue,1,Lorry,36-45,0,4,High
Maligawatte Road,2021-09-17,09:19,Minor Injury,Rear-end Collision,Poor Visibility,2,Bus; Lorry,18-25,0,1,Low
Baseline Road Grandpass,2020-08-25,08:59,Serious Injury,Side-impact Collision,Overspeeding,3,Car; Bus; Bicycle,36-45,0,1,Low
Armour Street Junction,2023-11-21,14:50,Serious Injury,Pedestrian Collision,Reckless Driving,1,Bicycle,26-35,0,3,Moderate
Hulftsdorp Junction,2024-10-24,09:04,Serious Injury,Motorcycle Collision,Mechanical Failure,1,Motorcycle,18-25,0,1,High
Rosmead Place Colombo 07,2021-02-25,20:43,Minor Injury,Pedestrian Collision,Reckless Driving,1,Car,26-35,0,1,Low
Galle Road Colombo 06,2022-01-03,20:54,Minor Injury,Rear-end Collision,Driver Fatigue,4,Van; Motorcycle; Bus; Truck,18-25,0,3,Low
Marine Drive Kollupitiya,2020-08-03,07:51,Minor Injury,Side-impact Collision,Driver Negligence,1,Van,26-35,0,4,Moderate
High Level Road Nugegoda,2020-02-02,11:18,Minor Injury,Side-impact Collision,Reckless Driving,2,Three Wheeler; Truck,18-25,0,4,Moderate
High Level Road Kirulapone,2022-10-01,07:59,Serious Injury,Motorcycle Collision,Reckless Driving,2,Bicycle; Truck,46-55,1,3,Low
Orugodawatta Junction,2023-06-13,06:33,Minor Injury,Head-on Collision,Overspeeding,3,Car; Motorcycle; Bicycle,26-35,0,1,Moderate
Dam Street Colombo 12,2025-02-20,22:05,Minor Injury,Multi-vehicle Collision,Overspeeding,3,Van; Car; Lorry,36-45,0,4,High
Grandpass Junction,2023-07-14,20:25,Minor Injury,Multi-vehicle Collision,Unsafe Lane Change,2,Bicycle; Three Wheeler,26-35,0,1,Moderate
Darley Road Cinnamon Gardens,2021-09-28,06:28,Serious Injury,Side-impact Collision,Overspeeding,2,Bicycle; Van,26-35,0,3,Moderate
Slave Island Junction,2020-06-14,08:54,Minor Injury,Motorcycle Collision,Driver Negligence,3,Three Wheeler; Bus; Truck,18-25,0,3,Low
Dematagoda Junction,2025-01-26,14:35,Minor Injury,Motorcycle Collision,Overspeeding,2,Bus; Car,26-35,0,2,Low
Maligawatte Road,2020-12-10,15:16,Minor Injury,Single Vehicle Crash,Driver Negligence,2,Motorcycle; Truck,56+,0,4,Moderate
Slave Island Junction,2023-09-20,07:29,Fatal,Rear-end Collision,Poor Visibility,3,Van; Truck; Bicycle,18-25,1,3,Low
Pettah Clock Tower Area,2024-12-31,19:02,Fatal,Multi-vehicle Collision,Distracted Driving,2,Lorry; Three Wheeler,18-25,1,0,Low
Dematagoda Police Area,2025-11-23,08:51,Minor Injury,Side-impact Collision,Driver Negligence,1,Van,46-55,0,3,High
Marine Drive Galle Face,2023-08-10,11:11,Minor Injury,Rear-end Collision,Distracted Driving,2,Car; Van,46-55,0,1,Moderate
Galle Road Colombo 06,2022-08-11,22:06,Minor Injury,Motorcycle Collision,Reckless Driving,3,Car; Van; Motorcycle,36-45,0,4,Low
Dematagoda Junction,2024-01-09,20:01,Minor Injury,Multi-vehicle Collision,Reckless Driving,2,Bus; Lorry,56+,0,4,High
Dematagoda Junction,2022-08-10,15:01,Minor Injury,Side-impact Collision,Driver Negligence,1,Three Wheeler,46-55,0,3,High
Wijerama Junction,2021-08-03,18:54,Minor Injury,Side-impact Collision,Reckless Driving,1,Motorcycle,18-25,0,4,High
Maharagama Town,2021-10-07,17:27,Minor Injury,Pedestrian Collision,Pedestrian Negligence,1,Bicycle,26-35,0,3,Low
Battaramulla Junction,2023-04-21,07:46,Serious Injury,Rear-end Collision,Unsafe Lane Change,2,Van; Truck,56+,1,1,Low
High Level Road Gangodawila,2022-06-23,16:06,Fatal,Single Vehicle Crash,Driver Negligence,4,Motorcycle; Truck; Bus; Bicycle,26-35,2,0,Moderate
Angoda Junction,2025-01-03,01:13,Serious Injury,Motorcycle Collision,Driver Negligence,3,Lorry; Van; Car,36-45,0,4,Moderate
Viharamahadevi Park Entrance,2024-03-31,10:24,Serious Injury,Rear-end Collision,Overspeeding,2,Three Wheeler; Motorcycle,18-25,0,1,Low
High Level Road Gangodawila,2023-11-01,07:24,Minor Injury,Rear-end Collision,Driver Negligence,1,Motorcycle,18-25,0,4,High
Grandpass Road Colombo 14,2024-11-13,07:06,Fatal,Motorcycle Collision,Mechanical Failure,1,Van,36-45,2,4,Low
Galle Road Dehiwela,2024-05-28,15:53,Minor Injury,Side-impact Collision,Driver Negligence,1,Car,18-25,0,3,Moderate
Old Kelani Bridge Approach,2020-04-15,08:40,Minor Injury,Motorcycle Collision,Driver Negligence,1,Motorcycle,18-25,0,4,High
Wellampitiya Junction,2024-05-06,07:56,Minor Injury,Motorcycle Collision,Driver Negligence,2,Car; Bus,18-25,0,3,Low
Dehiwela Junction,2021-01-31,06:22,Minor Injury,Pedestrian Collision,Overspeeding,1,Three Wheeler,36-45,0,4,Moderate
Jawatte Road Colombo 05,2025-04-28,15:15,Fatal,Side-impact Collision,Driver Negligence,3,Car; Lorry; Van,56+,2,4,Low
Elvitigala Mawatha Colombo 08,2021-11-15,22:51,Minor Injury,Rear-end Collision,Driver Negligence,4,Motorcycle; Bicycle; Three Wheeler; Truck,56+,0,2,Moderate
Narahenpita Junction,2020-10-01,06:35,Minor Injury,Motorcycle Collision,Reckless Driving,3,Lorry; Truck; Three Wheeler,56+,0,1,Moderate
New Kelani Bridge Approach,2021-04-05,12:09,Minor Injury,Multi-vehicle Collision,Distracted Driving,3,Motorcycle; Car; Lorry,46-55,0,3,Moderate
Rajagiriya Flyover,2025-06-11,15:30,Serious Injury,Rear-end Collision,Reckless Driving,2,Bus; Lorry,36-45,0,1,High
Depanama Junction,2025-04-30,20:57,Serious Injury,Motorcycle Collision,Reckless Driving,1,Lorry,18-25,1,6,High
Kollupitiya Flyover Approach,2024-12-19,17:20,Minor Injury,Motorcycle Collision,Overspeeding,4,Motorcycle; Truck; Three Wheeler; Van,56+,0,4,Moderate
Udahamulla Junction,2020-08-18,14:10,Minor Injury,Rear-end Collision,Unsafe Lane Change,2,Van; Motorcycle,46-55,0,1,Low
Havelock Road Havelock Town,2025-02-12,04:23,Serious Injury,Multi-vehicle Collision,Reckless Driving,2,Truck; Lorry,18-25,1,6,Low
Thurstan Road Colombo 03,2025-04-27,15:22,Minor Injury,Motorcycle Collision,Driver Fatigue,2,Lorry; Bicycle,46-55,0,1,Low
Dematagoda Police Area,2022-05-27,19:41,Minor Injury,Motorcycle Collision,Driver Negligence,3,Van; Lorry; Car,46-55,0,1,High
Grandpass Junction,2020-02-04,08:38,Serious Injury,Pedestrian Collision,Reckless Driving,2,Lorry; Three Wheeler,46-55,1,4,Low
Galle Road Colombo 04,2024-06-14,15:00,Minor Injury,Side-impact Collision,Distracted Driving,2,Bicycle; Lorry,36-45,0,3,Low
Colombo 07 Junction,2023-02-06,16:55,Minor Injury,Motorcycle Collision,Distracted Driving,2,Lorry; Motorcycle,26-35,0,2,Moderate
Pelawatta Junction,2021-07-27,17:41,Minor Injury,Side-impact Collision,Reckless Driving,2,Van; Three Wheeler,18-25,0,1,High
Flower Road Colombo 03,2022-06-29,16:40,Serious Injury,Pedestrian Collision,Poor Visibility,2,Bicycle; Lorry,18-25,0,6,Moderate
Mahanama College Junction,2022-11-25,17:35,Minor Injury,Pedestrian Collision,Driver Negligence,2,Bicycle; Truck,26-35,0,3,Low
Pagoda Road Nugegoda,2024-03-02,09:18,Minor Injury,Side-impact Collision,Driver Negligence,3,Car; Van; Bicycle,36-45,0,1,High
Messenger Street Pettah,2024-04-12,14:26,Minor Injury,Rear-end Collision,Failure to Yield,3,Bus; Motorcycle; Truck,18-25,0,4,Low
Athurugiriya Junction,2023-09-24,16:11,Minor Injury,Motorcycle Collision,Driver Negligence,1,Truck,26-35,0,2,High
Galle Road Fort,2020-12-26,07:27,Minor Injury,Multi-vehicle Collision,Overspeeding,3,Truck; Three Wheeler; Car,26-35,0,2,Moderate
Bambalapitiya Junction,2025-12-15,07:43,Fatal,Rear-end Collision,Unsafe Lane Change,3,Three Wheeler; Bicycle; Bus,18-25,1,4,High
Viharamahadevi Park Entrance,2023-04-06,13:33,Minor Injury,Multi-vehicle Collision,Reckless Driving,1,Bus,18-25,0,4,Low
Havelock Town Junction,2024-07-10,01:14,Minor Injury,Pedestrian Collision,Driver Negligence,4,Car; Lorry; Van; Motorcycle,26-35,0,1,High
Rawathawatte Road Moratuwa,2020-07-18,15:03,Minor Injury,Multi-vehicle Collision,Distracted Driving,2,Car; Truck,36-45,0,4,High
Modara Junction,2021-09-19,08:43,Minor Injury,Multi-vehicle Collision,Reckless Driving,2,Motorcycle; Bicycle,18-25,0,2,High
Pettah Market Area,2023-03-03,06:06,Minor Injury,Side-impact Collision,Distracted Driving,2,Lorry; Van,18-25,0,2,Low
Kirulapone Avenue,2025-07-26,20:44,Minor Injury,Single Vehicle Crash,Reckless Driving,1,Car,26-35,0,1,Moderate
Flower Road Colombo 03,2021-01-03,18:04,Serious Injury,Pedestrian Collision,Driver Negligence,1,Lorry,36-45,0,3,Low
Justice Akbar Mawatha Slave Island,2020-06-10,19:23,Minor Injury,Pedestrian Collision,Reckless Driving,1,Motorcycle,26-35,0,1,Low
Armour Street Junction,2024-01-04,20:39,Serious Injury,Motorcycle Collision,Unsafe Lane Change,1,Bicycle,46-55,0,4,High
Hospital Road Colombo 10,2025-05-12,18:41,Minor Injury,Single Vehicle Crash,Driver Negligence,2,Bus; Bicycle,36-45,0,2,Low
Battaramulla Town,2024-11-29,07:24,Minor Injury,Pedestrian Collision,Distracted Driving,2,Bus; Three Wheeler,56+,0,1,Moderate
Kotahena Street Colombo 13,2023-07-11,01:55,Minor Injury,Multi-vehicle Collision,Driver Fatigue,2,Three Wheeler; Bicycle,46-55,0,1,High
Dehiwela Zoo Area,2024-04-25,07:52,Minor Injury,Side-impact Collision,Drunk Driving,2,Car; Truck,36-45,0,2,High
Galle Road Colombo 06,2020-11-02,17:20,Serious Injury,Motorcycle Collision,Mechanical Failure,3,Car; Lorry; Motorcycle,36-45,0,2,Low
St. Anthony's Mawatha Colombo 03,2025-08-03,12:07,Serious Injury,Head-on Collision,Unsafe Lane Change,2,Car; Truck,18-25,0,5,Low
Slave Island Junction,2023-06-01,19:35,Serious Injury,Rear-end Collision,Distracted Driving,4,Bicycle; Bus; Car; Motorcycle,46-55,0,5,High
Athurugiriya Junction,2021-04-12,06:42,Serious Injury,Rear-end Collision,Reckless Driving,3,Lorry; Truck; Van,18-25,0,2,High
Athurugiriya Junction,2022-11-07,15:12,Serious Injury,Rear-end Collision,Failure to Yield,2,Three Wheeler; Truck,46-55,0,3,Low
Alfred Place Colombo 03,2021-05-19,17:28,Minor Injury,Side-impact Collision,Distracted Driving,2,Bus; Three Wheeler,26-35,0,1,High
Grandpass Road Colombo 14,2025-09-13,18:58,Serious Injury,Rear-end Collision,Distracted Driving,2,Bus; Car,18-25,0,3,High
Dematagoda Police Area,2022-10-13,09:21,Minor Injury,Head-on Collision,Overspeeding,2,Bus; Motorcycle,18-25,0,3,Moderate
Beira Lake Road Colombo 02,2022-06-09,08:39,Serious Injury,Pedestrian Collision,Unsafe Lane Change,3,Bus; Bicycle; Van,56+,0,5,High
Wijerama Junction,2025-05-21,15:42,Serious Injury,Pedestrian Collision,Distracted Driving,3,Lorry; Van; Three Wheeler,46-55,0,1,High
Union Place Borella,2021-10-21,22:43,Serious Injury,Motorcycle Collision,Failure to Yield,1,Lorry,26-35,0,3,Moderate
Pettah Market Area,2022-07-07,17:35,Minor Injury,Motorcycle Collision,Overspeeding,3,Lorry; Bicycle; Van,26-35,0,4,High
Kumaran Ratnam Road Colombo 02,2020-02-23,17:12,Minor Injury,Multi-vehicle Collision,Driver Fatigue,2,Truck; Van,26-35,0,3,Moderate
Reclamation Road Colombo 11,2022-03-03,09:11,Serious Injury,Head-on Collision,Driver Negligence,1,Bus,36-45,0,1,High
Dr. Colvin R. de Silva Mawatha,2022-11-10,00:29,Minor Injury,Pedestrian Collision,Driver Negligence,1,Bus,56+,0,1,Moderate