Location,Date of Accident,Time of Accident,Accident Severity,Collision Type,Cause of Accident,Number of Vehicles,Vehicle Types,Driver Age Group,Number of Fatalities,Number of Injuries,Property Damage Level
Old Kelani Bridge Approach,2025-07-02,18:35,Minor Injury,Motorcycle Collision,Driver Fatigue,3,Bicycle; Lorry; Motorcycle,56+,0,1,Moderate
Galle Road Fort,2021-01-11,10:56,Minor Injury,Rear-end Collision,Reckless Driving,2,Bicycle; Bus,26-35,0,4,Moderate
Elvitigala Mawatha Colombo 05,2023-11-18,12:57,Fatal,Multi-vehicle Collision,Poor Visibility,1,Three Wheeler,56+,2,2,High
Borella Police Area,2023-03-04,02:33,Minor Injury,Pedestrian Collision,Reckless Driving,2,Truck; Three Wheeler,26-35,0,2,Low
Havelock Place Area,2025-12-24,00:04,Fatal,Rear-end Collision,Distracted Driving,1,Three Wheeler,46-55,1,0,Low
Ananda Rajakaruna Mawatha,2024-11-17,16:04,Serious Injury,Pedestrian Collision,Driver Negligence,3,Truck; Bicycle; Bus,26-35,0,2,Moderate
Dr. Colvin R. de Silva Mawatha,2022-11-25,12:28,Minor Injury,Multi-vehicle Collision,Overspeeding,3,Car; Three Wheeler; Bicycle,26-35,0,1,High
Wattala Junction,2020-07-05,17:04,Minor Injury,Motorcycle Collision,Overspeeding,3,Lorry; Van; Bicycle,18-25,0,1,Low
Kotahena Street Colombo 13,2020-05-06,13:34,Minor Injury,Rear-end Collision,Unsafe Lane Change,3,Lorry; Bicycle; Motorcycle,18-25,0,3,Moderate
Galle Road Wellawatte,2021-05-19,03:36,Minor Injury,Multi-vehicle Collision,Overspeeding,2,Motorcycle; Bus,26-35,0,3,Low
Rathmalana Railway Station Area,2022-01-23,08:53,Serious Injury,Motorcycle Collision,Driver Negligence,1,Car,46-55,1,5,High
Beira Lake Road Colombo 02,2022-10-23,06:46,Minor Injury,Multi-vehicle Collision,Pedestrian Negligence,3,Bicycle; Motorcycle; Truck,36-45,0,1,Low
Olcott Mawatha Pettah,2025-01-19,10:42,Fatal,Motorcycle Collision,Distracted Driving,2,Bicycle; Van,18-25,1,0,Low
Kollupitiya Railway Station Area,2023-02-07,19:08,Serious Injury,Multi-vehicle Collision,Reckless Driving,2,Truck; Three Wheeler,18-25,0,4,High
Dematagoda Junction,2023-02-23,19:08,Serious Injury,Single Vehicle Crash,Driver Negligence,1,Motorcycle,36-45,1,5,High
Horton Place Colombo 07,2022-05-21,20:35,Minor Injury,Motorcycle Collision,Poor Visibility,3,Truck; Bicycle; Motorcycle,18-25,0,2,Moderate
Battaramulla Junction,2025-03-18,13:05,Serious Injury,Motorcycle Collision,Overspeeding,2,Three Wheeler; Van,56+,1,6,Low
Main Street Pettah,2021-08-21,17:30,Minor Injury,Single Vehicle Crash,Driver Negligence,1,Truck,26-35,0,3,High
Nelum Pokuna Area,2024-01-19,11:58,Serious Injury,Side-impact Collision,Driver Negligence,2,Bicycle; Car,36-45,0,3,Moderate
Pamankada Junction,2024-03-22,16:23,Minor Injury,Multi-vehicle Collision,Poor Visibility,2,Motorcycle; Lorry,26-35,0,2,High
Nawala Road Rajagiriya,2025-05-28,19:00,Serious Injury,Side-impact Collision,Driver Negligence,2,Bus; Motorcycle,26-35,0,2,Low
Galle Road Fort,2021-04-29,16:26,Minor Injury,Pedestrian Collision,Unsafe Lane Change,3,Truck; Bicycle; Three Wheeler,18-25,0,2,High
Havelock Road Kirulapone,2021-10-21,07:32,Minor Injury,Rear-end Collision,Distracted Driving,1,Car,26-35,0,2,High
Kirulapone Junction,2020-03-17,19:46,Minor Injury,Multi-vehicle Collision,Reckless Driving,2,Motorcycle; Truck,18-25,0,4,Moderate
Union Place Slave Island,2021-08-07,18:52,Minor Injury,Pedestrian Collision,Distracted Driving,2,Lorry; Motorcycle,36-45,0,3,Moderate
Jayanthi Mawatha Battaramulla,2024-04-27,07:01,Minor Injury,Rear-end Collision,Failure to Yield,2,Van; Truck,26-35,0,1,Low
Kelaniya Junction,2025-12-16,13:07,Minor Injury,Rear-end Collision,Distracted Driving,3,Car; Van; Bicycle,36-45,0,4,High
Wellawatte Junction,2025-05-28,18:24,Serious Injury,Motorcycle Collision,Driver Fatigue,2,Motorcycle; Three Wheeler,26-35,0,2,Moderate
Havelock Place Area,2024-07-31,08:00,Minor Injury,Pedestrian Collision,Driver Fatigue,3,Motorcycle; Lorry; Car,18-25,0,2,High
High Level Road Maharagama,2024-10-11,16:16,Minor Injury,Motorcycle Collision,Overspeeding,1,Bicycle,36-45,0,4,Moderate
Havelock Road Kirulapone,2022-01-02,11:35,Minor Injury,Side-impact Collision,Drunk Driving,2,Bicycle; Van,36-45,0,2,Moderate
Orugodawatta Junction,2021-10-24,06:32,Minor Injury,Motorcycle Collision,Reckless Driving,2,Car; Motorcycle,18-25,0,1,Moderate
Ibbanwala Junction,2020-12-27,05:14,Minor Injury,Motorcycle Collision,Distracted Driving,2,Van; Three Wheeler,36-45,0,3,High
Jayanthi Mawatha Battaramulla,2021-12-18,16:28,Minor Injury,Rear-end Collision,Failure to Yield,3,Lorry; Motorcycle; Car,46-55,0,2,High
Kaduwela Junction,2020-01-02,22:05,Minor Injury,Head-on Collision,Driver Fatigue,2,Bicycle; Truck,18-25,0,2,High
Bambalapitiya Market Area,2023-03-11,17:35,Serious Injury,Single Vehicle Crash,Reckless Driving,4,Lorry; Motorcycle; Truck; Van,18-25,0,1,Low
Kirulapone Avenue,2025-08-22,09:07,Minor Injury,Pedestrian Collision,Pedestrian Negligence,2,Lorry; Bicycle,18-25,0,4,High
Bauddhaloka Mawatha Cinnamon Gardens,2025-02-22,16:57,Serious Injury,Multi-vehicle Collision,Driver Negligence,4,Motorcycle; Bus; Car; Three Wheeler,36-45,1,6,High
High Level Road Maharagama,2020-02-09,17:16,Minor Injury,Motorcycle Collision,Driver Negligence,2,Bicycle; Car,36-45,0,2,High
Nawala Road Rajagiriya,2022-01-18,21:43,Minor Injury,Single Vehicle Crash,Driver Negligence,2,Three Wheeler; Motorcycle,36-45,0,3,Low
Havelock Road Havelock Town,2023-12-29,07:06,Serious Injury,Rear-end Collision,Driver Negligence,3,Truck; Lorry; Car,46-55,0,1,Moderate
Thurstan Road Colombo 03,2023-01-30,13:48,Minor Injury,Single Vehicle Crash,Reckless Driving,2,Three Wheeler; Van,36-45,0,1,High
Lauries Road Colombo 04,2025-08-20,10:55,Minor Injury,Multi-vehicle Collision,Driver Negligence,2,Motorcycle; Bicycle,18-25,0,3,High
Bambalapitiya Junction,2021-02-16,10:39,Serious Injury,Single Vehicle Crash,Driver Negligence,2,Lorry; Motorcycle,26-35,1,3,High
Baseline Road Rajagiriya,2024-03-04,11:25,Minor Injury,Motorcycle Collision,Driver Negligence,2,Bus; Lorry,36-45,0,1,Moderate
Union Place,2022-03-14,07:47,Minor Injury,Rear-end Collision,Driver Fatigue,3,Bus; Three Wheeler; Van,26-35,0,3,Moderate
Nugegoda Junction,2020-07-14,12:44,Minor Injury,Rear-end Collision,Driver Negligence,3,Lorry; Three Wheeler; Bicycle,26-35,0,3,Low
Sri Jayawardenepura Kotte Junction,2022-11-21,10:26,Minor Injury,Rear-end Collision,Failure to Yield,4,Three Wheeler; Lorry; Van; Bicycle,26-35,0,3,Low
Kaduwela Junction,2025-01-04,19:24,Minor Injury,Multi-vehicle Collision,Overspeeding,3,Bus; Van; Motorcycle,36-45,0,3,High
Peliyagoda Fish Market Area,2020-10-19,06:21,Minor Injury,Motorcycle Collision,Reckless Driving,3,Lorry; Bicycle; Bus,36-45,0,4,Low
St. Anthony's Mawatha Colombo 03,2025-11-03,21:26,Serious Injury,Rear-end Collision,Failure to Yield,4,Bus; Bicycle; Motorcycle; Truck,56+,0,1,Low
Maligawatte Junction,2025-04-22,14:01,Minor Injury,Pedestrian Collision,Overspeeding,1,Motorcycle,26-35,0,2,Low
Ingurukade Junction,2023-03-09,12:08,Minor Injury,Rear-end Collision,Failure to Yield,2,Car; Truck,36-45,0,3,Moderate
Galle Road Colombo 04,2023-01-20,14:08,Fatal,Head-on Collision,Unsafe Lane Change,2,Bus; Lorry,36-45,2,4,High
Rawathawatte Road Moratuwa,2023-11-23,13:14,Serious Injury,Pedestrian Collision,Overspeeding,2,Bicycle; Three Wheeler,26-35,0,1,High
Udahamulla Junction,2025-04-05,14:44,Serious Injury,Single Vehicle Crash,Pedestrian Negligence,2,Truck; Bus,26-35,0,3,High
Fort Railway Station Area,2024-11-25,11:10,Minor Injury,Pedestrian Collision,Distracted Driving,1,Van,26-35,0,1,High
Town Hall Area,2023-01-18,09:47,Minor Injury,Side-impact Collision,Reckless Driving,3,Three Wheeler; Van; Car,26-35,0,3,Low
Hospital Road Colombo 10,2025-07-08,07:01,Minor Injury,Rear-end Collision,Mechanical Failure,2,Car; Motorcycle,56+,0,3,Low
Athurugiriya Junction,2021-01-04,07:31,Minor Injury,Rear-end Collision,Overspeeding,1,Truck,56+,0,4,High
Wellawatte Railway Station Area,2021-08-21,05:49,Minor Injury,Motorcycle Collision,Overspeeding,3,Bus; Motorcycle; Truck,46-55,0,1,Low
Malabe Junction,2024-12-19,08:02,Minor Injury,Rear-end Collision,Unsafe Lane Change,3,Motorcycle; Lorry; Bicycle,56+,0,4,High
High Level Road Nugegoda,2020-06-21,17:35,Fatal,Side-impact Collision,Reckless Driving,1,Lorry,26-35,2,1,Moderate
Union Place,2021-11-16,18:37,Serious Injury,Rear-end Collision,Driver Fatigue,2,Car; Truck,36-45,0,6,High
Thurstan Road Colombo 03,2025-08-09,06:39,Serious Injury,Motorcycle Collision,Mechanical Failure,2,Car; Truck,18-25,0,5,Moderate
Kotahena Junction,2023-11-23,18:28,Minor Injury,Pedestrian Collision,Driver Negligence,2,Van; Bus,36-45,0,3,Moderate
Marine Drive Galle Face,2025-06-30,07:11,Serious Injury,Side-impact Collision,Reckless Driving,2,Truck; Bus,46-55,0,5,Low
York Street Fort,2022-12-14,14:29,Minor Injury,Rear-end Collision,Distracted Driving,2,Van; Bicycle,26-35,0,1,High
Polduwa Junction,2020-09-16,16:34,Serious Injury,Pedestrian Collision,Driver Negligence,2,Truck; Van,36-45,0,3,High
Wijerama Junction,2020-09-30,04:08,Minor Injury,Rear-end Collision,Driver Negligence,2,Motorcycle; Three Wheeler,26-35,0,1,High
Ingurukade Junction,2022-11-14,04:14,Serious Injury,Multi-vehicle Collision,Driver Negligence,2,Three Wheeler; Bicycle,18-25,1,1,High
Rawathawatte Road Moratuwa,2024-08-30,18:50,Minor Injury,Pedestrian Collision,Driver Fatigue,2,Lorry; Truck,26-35,0,1,Moderate
Marine Drive Kollupitiya,2021-02-01,06:14,Fatal,Side-impact Collision,Driver Negligence,4,Three Wheeler; Lorry; Bicycle; Motorcycle,36-45,1,0,Moderate
Guildford Crescent Colombo 07,2024-10-15,19:10,Minor Injury,Pedestrian Collision,Overspeeding,2,Bicycle; Truck,26-35,0,4,Moderate
High Level Road Maharagama,2024-03-02,12:40,Minor Injury,Side-impact Collision,Unsafe Lane Change,4,Three Wheeler; Lorry; Van; Motorcycle,18-25,0,3,Low
Baseline Road Kotahena,2020-05-21,22:38,Minor Injury,Rear-end Collision,Driver Negligence,2,Lorry; Car,18-25,0,2,Low
High Level Road Maharagama,2023-02-04,20:32,Minor Injury,Side-impact Collision,Poor Visibility,3,Bus; Car; Van,18-25,0,2,Low
Polduwa Junction,2022-11-15,18:05,Serious Injury,Multi-vehicle Collision,Distracted Driving,2,Three Wheeler; Bicycle,26-35,0,4,Low
R A de Mel Mawatha Colombo 03,2021-01-25,15:19,Serious Injury,Rear-end Collision,Driver Fatigue,3,Van; Car; Truck,56+,0,4,High
Hulftsdorp Junction,2020-02-16,16:40,Serious Injury,Motorcycle Collision,Reckless Driving,2,Car; Bus,18-25,0,5,High
D R Wijewardena Mawatha Dematagoda,2024-05-28,22:48,Minor Injury,Multi-vehicle Collision,Overspeeding,3,Three Wheeler; Truck; Bus,46-55,0,2,Low
Havelock Place Area,2024-06-23,09:25,Minor Injury,Side-impact Collision,Driver Fatigue,3,Bus; Van; Motorcycle,18-25,0,2,High
Angulana Junction,2025-11-17,08:04,Minor Injury,Motorcycle Collision,Overspeeding,2,Motorcycle; Car,36-45,0,4,High
Havelock Town Junction,2020-04-09,17:10,Minor Injury,Head-on Collision,Distracted Driving,2,Truck; Lorry,26-35,0,1,Moderate
Duplication Junction,2020-12-17,06:03,Minor Injury,Motorcycle Collision,Distracted Driving,2,Bus; Van,46-55,0,3,Low
Ward Place Colombo 07,2025-04-13,02:13,Serious Injury,Pedestrian Collision,Driver Negligence,2,Lorry; Truck,18-25,0,2,High
Angoda Junction,2025-11-27,04:10,Minor Injury,Rear-end Collision,Driver Negligence,2,Lorry; Car,18-25,0,1,Low
Wellampitiya Junction,2024-01-15,19:01,Minor Injury,Motorcycle Collision,Failure to Yield,3,Van; Motorcycle; Three Wheeler,18-25,0,1,Moderate
Marine Drive Galle Face,2022-02-02,08:29,Serious Injury,Side-impact Collision,Unsafe Lane Change,2,Car; Motorcycle,56+,0,4,High
Galle Road Fort,2023-12-26,16:15,Minor Injury,Head-on Collision,Mechanical Failure,3,Lorry; Van; Car,36-45,0,4,Moderate
Borella Junction,2022-07-12,07:57,Fatal,Motorcycle Collision,Driver Negligence,4,Van; Lorry; Bicycle; Truck,46-55,2,3,Low
D R Wijewardena Mawatha Dematagoda,2023-09-10,12:08,Minor Injury,Rear-end Collision,Driver Negligence,2,Three Wheeler; Van,26-35,0,2,High
Ibbanwala Junction,2021-10-09,10:35,Serious Injury,Side-impact Collision,Unsafe Lane Change,2,Bus; Truck,46-55,0,1,Moderate
Havelock Road Kirulapone,2023-01-26,07:12,Fatal,Rear-end Collision,Driver Negligence,2,Lorry; Truck,36-45,1,1,Low
Maradana Railway Station Area,2025-05-06,07:54,Minor Injury,Multi-vehicle Collision,Unsafe Lane Change,3,Bicycle; Motorcycle; Three Wheeler,18-25,0,2,Low
Sir Chittampalam A Gardiner Mawatha Fort,2020-03-02,20:26,Minor Injury,Rear-end Collision,Distracted Driving,3,Three Wheeler; Van; Motorcycle,26-35,0,4,Moderate
Kandy Road Kelaniya,2022-10-07,12:49,Serious Injury,Rear-end Collision,Unsafe Lane Change,3,Van; Bicycle; Bus,18-25,1,5,High
Manning Market Area,2020-06-06,14:28,Serious Injury,Side-impact Collision,Failure to Yield,3,Three Wheeler; Lorry; Van,18-25,0,5,High
Hokandara Junction,2023-04-07,12:56,Serious Injury,Motorcycle Collision,Driver Fatigue,1,Truck,26-35,0,1,High
Madampitiya Road,2021-01-05,17:07,Minor Injury,Rear-end Collision,Distracted Driving,2,Bus; Three Wheeler,18-25,0,4,Low
Hospital Road Colombo 10,2022-04-07,19:05,Minor Injury,Motorcycle Collision,Unsafe Lane Change,3,Bus; Bicycle; Van,26-35,0,1,High
Moratuwa Junction,2024-04-22,17:32,Minor Injury,Multi-vehicle Collision,Driver Negligence,2,Van; Car,46-55,0,3,High
Orugodawatta Junction,2021-08-15,07:45,Serious Injury,Rear-end Collision,Reckless Driving,1,Truck,18-25,0,2,Moderate
Fort Bus Stand Area,2025-02-21,13:31,Minor Injury,Side-impact Collision,Driver Negligence,2,Truck; Motorcycle,26-35,0,4,High
St. Anthony's Mawatha Colombo 03,2022-09-29,19:17,Minor Injury,Multi-vehicle Collision,Overspeeding,2,Three Wheeler; Car,26-35,0,1,High
Sea Street Pettah,2023-05-07,10:05,Minor Injury,Rear-end Collision,Overspeeding,1,Bus,26-35,0,3,High
Ward Place Colombo 07,2021-12-27,21:47,Serious Injury,Multi-vehicle Collision,Poor Visibility,2,Motorcycle; Van,18-25,0,4,Moderate
Udahamulla Junction,2023-04-14,13:07,Minor Injury,Multi-vehicle Collision,Reckless Driving,2,Van; Lorry,26-35,0,2,High
Colombo 07 Junction,2025-12-06,22:30,Minor Injury,Pedestrian Collision,Distracted Driving,4,Lorry; Three Wheeler; Truck; Bus,26-35,0,3,Moderate
Kelaniya Junction,2025-07-31,13:11,Minor Injury,Single Vehicle Crash,Reckless Driving,2,Lorry; Motorcycle,26-35,0,1,High
Hulftsdorp Junction,2024-08-25,12:21,Serious Injury,Motorcycle Collision,Driver Fatigue,2,Three Wheeler; Car,36-45,0,3,Moderate
Pagoda Road Nugegoda,2020-01-26,06:21,Minor Injury,Motorcycle Collision,Unsafe Lane Change,2,Car; Van,26-35,0,3,Moderate
Kaduwela Junction,2020-05-25,16:30,Minor Injury,Rear-end Collision,Overspeeding,2,Bicycle; Three Wheeler,46-55,0,4,Moderate
Panchikawatte Junction,2023-07-16,14:01,Serious Injury,Rear-end Collision,Unsafe Lane Change,2,Bicycle; Car,56+,0,1,Low
Kirula Road Borella,2024-05-14,07:07,Minor Injury,Single Vehicle Crash,Unsafe Lane Change,3,Bicycle; Truck; Car,26-35,0,1,High
Union Place,2023-05-24,08:19,Minor Injury,Rear-end Collision,Reckless Driving,3,Car; Van; Motorcycle,56+,0,4,High
Galle Road Moratuwa,2023-10-25,20:46,Fatal,Single Vehicle Crash,Reckless Driving,1,Bicycle,26-35,2,4,High
Grandpass Junction,2024-05-06,17:33,Minor Injury,Rear-end Collision,Reckless Driving,1,Car,36-45,0,1,Low
Wellawatte Junction,2023-07-03,02:48,Minor Injury,Motorcycle Collision,Poor Visibility,3,Bicycle; Motorcycle; Van,18-25,0,3,Moderate
Angoda Junction,2023-01-25,06:39,Minor Injury,Side-impact Collision,Driver Negligence,1,Bicycle,36-45,0,3,Low
Sir Ernest de Silva Mawatha,2021-12-02,05:39,Serious Injury,Single Vehicle Crash,Overspeeding,2,Car; Motorcycle,26-35,1,1,Low
Union Place Borella,2024-12-31,15:19,Minor Injury,Motorcycle Collision,Driver Negligence,2,Motorcycle; Van,46-55,0,2,Low
Gregory's Road Colombo 07,2025-03-21,13:14,Minor Injury,Rear-end Collision,Poor Visibility,2,Lorry; Bus,18-25,0,3,Moderate
Wijerama Mawatha Nugegoda,2025-04-30,06:30,Minor Injury,Side-impact Collision,Driver Negligence,1,Bicycle,36-45,0,2,High
Kirulapone Junction,2023-08-27,14:04,Serious Injury,Pedestrian Collision,Overspeeding,3,Van; Lorry; Three Wheeler,26-35,0,2,Moderate
Dematagoda Police Area,2024-10-31,18:27,Minor Injury,Multi-vehicle Collision,Reckless Driving,2,Three Wheeler; Motorcycle,36-45,0,1,Moderate
Malabe Junction,2025-03-11,10:06,Minor Injury,Pedestrian Collision,Driver Negligence,2,Van; Car,36-45,0,4,Low
Rathmalana Railway Station Area,2021-07-23,19:57,Serious Injury,Pedestrian Collision,Driver Fatigue,1,Bus,36-45,0,3,High
Guildford Crescent Colombo 07,2023-07-20,09:50,Minor Injury,Single Vehicle Crash,Reckless Driving,2,Van; Bicycle,56+,0,3,Moderate
Alfred House Gardens Colombo 03,2024-07-13,19:54,Minor Injury,Motorcycle Collision,Reckless Driving,4,Car; Truck; Bicycle; Lorry,46-55,0,3,Low
Galle Road Dehiwela,2024-06-02,16:45,Serious Injury,Motorcycle Collision,Reckless Driving,2,Three Wheeler; Bicycle,26-35,0,5,High
Sri Jayawardenepura Kotte Junction,2021-05-29,07:04,Serious Injury,Multi-vehicle Collision,Driver Negligence,1,Truck,36-45,1,2,Low
Rathmalana Junction,2024-10-09,15:29,Serious Injury,Side-impact Collision,Overspeeding,3,Truck; Three Wheeler; Bus,26-35,0,1,High
Wellawatte Canal Area,2024-08-09,20:36,Minor Injury,Motorcycle Collision,Mechanical Failure,2,Truck; Bicycle,18-25,0,4,Moderate
Duplication Road Bambalapitiya,2023-02-18,13:05,Minor Injury,Side-impact Collision,Distracted Driving,3,Three Wheeler; Truck; Bicycle,36-45,0,1,High
Prince Street Colombo 11,2020-08-04,20:34,Serious Injury,Pedestrian Collision,Overspeeding,2,Truck; Lorry,36-45,0,3,Low
Sea Street Pettah,2023-05-30,17:36,Serious Injury,Motorcycle Collision,Distracted Driving,2,Bus; Lorry,26-35,1,6,High
Galle Road Mount Lavinia,2020-11-10,19:17,Minor Injury,Motorcycle Collision,Distracted Driving,1,Lorry,46-55,0,1,Moderate
Thalawathugoda Junction,2021-09-11,16:23,Minor Injury,Pedestrian Collision,Reckless Driving,2,Three Wheeler; Truck,26-35,0,1,Low
Havelock Place Area,2021-09-23,18:48,Fatal,Head-on Collision,Driver Fatigue,2,Three Wheeler; Bicycle,18-25,2,1,High
Rajagiriya Flyover,2021-04-20,04:29,Minor Injury,Motorcycle Collision,Reckless Driving,2,Three Wheeler; Truck,36-45,0,4,High
Ibbanwala Junction,2023-03-28,20:28,Minor Injury,Motorcycle Collision,Reckless Driving,2,Car; Truck,56+,0,3,Moderate
Grandpass Road Colombo 14,2023-01-21,10:17,Minor Injury,Pedestrian Collision,Reckless Driving,3,Van; Three Wheeler; Bicycle,36-45,0,2,High
Havelock Road Colombo 05,2020-02-13,16:53,Serious Injury,Rear-end Collision,Overspeeding,1,Motorcycle,36-45,0,6,Low
Messenger Street Pettah,2020-08-20,21:42,Minor Injury,Single Vehicle Crash,Driver Negligence,2,Motorcycle; Bicycle,56+,0,1,Moderate
Grandpass Junction,2022-01-26,20:44,Minor Injury,Rear-end Collision,Reckless Driving,3,Motorcycle; Bicycle; Three Wheeler,56+,0,3,Moderate
Ward Place Colombo 07,2023-08-17,08:49,Fatal,Rear-end Collision,Driver Fatigue,3,Van; Three Wheeler; Bus,56+,1,2,Low
Olcott Mawatha Pettah,2024-05-27,07:31,Minor Injury,Rear-end Collision,Overspeeding,4,Van; Motorcycle; Lorry; Car,56+,0,3,Low
T B Jayah Mawatha Maradana,2024-12-31,01:31,Minor Injury,Rear-end Collision,Distracted Driving,3,Car; Bicycle; Three Wheeler,26-35,0,3,Moderate
Guildford Crescent Colombo 07,2025-07-02,13:25,Minor Injury,Pedestrian Collision,Driver Fatigue,3,Motorcycle; Lorry; Truck,26-35,0,4,Low
Chatham Street Fort,2023-05-25,12:40,Fatal,Head-on Collision,Distracted Driving,2,Bicycle; Lorry,46-55,1,3,Moderate
Templers Road Mount Lavinia,2020-06-10,21:42,Serious Injury,Rear-end Collision,Unsafe Lane Change,1,Motorcycle,36-45,0,1,Moderate
Kotahena Street Colombo 13,2022-03-01,02:37,Serious Injury,Motorcycle Collision,Reckless Driving,1,Lorry,18-25,1,4,Moderate
Thimbirigasyaya Junction,2020-06-24,12:13,Minor Injury,Pedestrian Collision,Distracted Driving,1,Truck,56+,0,2,Moderate
Duplication Junction,2021-08-02,13:01,Fatal,Side-impact Collision,Poor Visibility,1,Car,26-35,2,0,Low
Justice Akbar Mawatha Slave Island,2021-02-02,13:10,Fatal,Pedestrian Collision,Driver Negligence,3,Motorcycle; Car; Three Wheeler,36-45,2,0,Moderate
Bullers Road Colombo 07,2024-07-04,10:43,Minor Injury,Multi-vehicle Collision,Driver Negligence,3,Three Wheeler; Van; Car,36-45,0,3,Low
Rawatawatte Junction,2024-02-24,14:28,Minor Injury,Motorcycle Collision,Distracted Driving,2,Bus; Car,46-55,0,4,Moderate
Thimbirigasyaya Junction,2020-01-30,07:05,Serious Injury,Multi-vehicle Collision,Distracted Driving,1,Lorry,18-25,1,4,High
D R Wijewardena Mawatha Fort,2025-01-18,12:11,Minor Injury,Multi-vehicle Collision,Driver Negligence,2,Bus; Bicycle,18-25,0,1,High
Nugegoda Town,2022-08-23,07:33,Minor Injury,Head-on Collision,Distracted Driving,1,Three Wheeler,18-25,0,2,Low
Messenger Street Pettah,2025-04-27,13:10,Minor Injury,Multi-vehicle Collision,Driver Negligence,1,Bicycle,18-25,0,4,Low
Kelaniya Junction,2020-06-26,06:03,Serious Injury,Single Vehicle Crash,Driver Negligence,3,Car; Three Wheeler; Lorry,26-35,1,6,High
Horton Place Colombo 07,2023-08-27,08:07,Minor Injury,Motorcycle Collision,Driver Negligence,1,Van,46-55,0,4,Moderate
T B Jayah Mawatha Maradana,2024-11-20,07:59,Minor Injury,Multi-vehicle Collision,Driver Negligence,2,Bicycle; Motorcycle,18-25,0,2,High
Dehiwela Railway Station Area,2020-09-01,09:07,Minor Injury,Single Vehicle Crash,Overspeeding,1,Bus,46-55,0,2,Moderate
Thalawathugoda Junction,2021-11-27,15:35,Minor Injury,Single Vehicle Crash,Driver Negligence,3,Truck; Van; Motorcycle,36-45,0,4,Low
Dehiwela Zoo Area,2022-10-12,10:37,Minor Injury,Rear-end Collision,Poor Visibility,3,Bus; Lorry; Car,18-25,0,1,Low
Galle Road Colombo 06,2024-10-09,14:30,Serious Injury,Pedestrian Collision,Unsafe Lane Change,2,Motorcycle; Three Wheeler,18-25,0,1,High
Kirulapone Avenue,2023-04-26,08:05,Fatal,Rear-end Collision,Distracted Driving,1,Bus,36-45,2,4,Low
Hospital Road Colombo 10,2024-07-18,07:55,Minor Injury,Motorcycle Collision,Overspeeding,1,Car,46-55,0,1,High
R A de Mel Mawatha Colombo 03,2024-10-10,17:44,Minor Injury,Head-on Collision,Overspeeding,1,Three Wheeler,46-55,0,1,High
Maharagama Junction,2024-01-30,19:07,Serious Injury,Motorcycle Collision,Overspeeding,1,Car,18-25,0,5,High
Ananda Coomaraswamy Mawatha,2023-10-03,08:07,Serious Injury,Multi-vehicle Collision,Unsafe Lane Change,2,Three Wheeler; Van,36-45,0,3,Moderate
Baseline Road Kesbewa,2020-09-16,11:28,Serious Injury,Side-impact Collision,Overspeeding,2,Motorcycle; Three Wheeler,36-45,0,5,Moderate
Baseline Road Kotahena,2020-09-25,07:56,Minor Injury,Side-impact Collision,Driver Negligence,3,Bus; Truck; Car,26-35,0,3,Low
Ibbanwala Junction,2025-11-02,21:01,Minor Injury,Motorcycle Collision,Mechanical Failure,3,Bus; Three Wheeler; Truck,18-25,0,1,Low
Kochchikade Junction,2025-10-29,16:26,Minor Injury,Multi-vehicle Collision,Distracted Driving,3,Bicycle; Three Wheeler; Lorry,36-45,0,4,High
Rosmead Place Colombo 07,2021-12-04,18:14,Minor Injury,Side-impact Collision,Mechanical Failure,3,Car; Motorcycle; Bus,18-25,0,2,High
Sea Street Junction,2021-12-19,19:44,Serious Injury,Single Vehicle Crash,Driver Fatigue,2,Bus; Motorcycle,26-35,1,5,Low
Narahenpita Junction,2020-05-22,16:22,Minor Injury,Rear-end Collision,Overspeeding,2,Bus; Lorry,18-25,0,1,High
Baseline Road Rajagiriya,2023-08-04,07:47,Serious Injury,Side-impact Collision,Overspeeding,4,Lorry; Three Wheeler; Bus; Truck,36-45,0,6,Moderate
St. Anthony's Mawatha Colombo 03,2025-05-15,20:08,Minor Injury,Multi-vehicle Collision,Driver Negligence,1,Car,18-25,0,2,High
Slave Island Junction,2022-03-10,15:14,Minor Injury,Pedestrian Collision,Driver Fatigue,2,Three Wheeler; Car,26-35,0,4,High
Sea Street Kotahena,2025-07-01,10:38,Fatal,Side-impact Collision,Driver Negligence,2,Bicycle; Three Wheeler,26-35,2,2,High
Bambalapitiya Junction,2024-12-30,19:05,Minor Injury,Rear-end Collision,Failure to Yield,2,Van; Truck,18-25,0,2,Moderate
Lauries Road Colombo 04,2020-12-18,07:19,Serious Injury,Side-impact Collision,Failure to Yield,2,Bicycle; Car,56+,0,4,Low
Kirulapone Avenue,2021-12-17,14:45,Serious Injury,Multi-vehicle Collision,Poor Visibility,2,Three Wheeler; Motorcycle,46-55,0,4,Low
Nugegoda Town,2025-03-13,08:50,Serious Injury,Rear-end Collision,Reckless Driving,2,Truck; Car,36-45,1,4,Low